"year","variable","level","race_group","gini"
1969,"inc_all","household","Black",0.40005882304547
1969,"inc_all","household","Non-Black",0.401355110821803
1969,"inc_all_median_clan","clan","Black",0.268399712041331
1969,"inc_all_median_clan","clan","Non-Black",0.320682556097759
1969,"wealth_home","household","Black",NA
1969,"wealth_home","household","Non-Black",NA
1969,"wealth_home_median_clan","clan","Black",NA
1969,"wealth_home_median_clan","clan","Non-Black",NA
1969,"wealth_nohouse","household","Black",NA
1969,"wealth_nohouse","household","Non-Black",NA
1969,"wealth_nohouse_median_clan","clan","Black",NA
1969,"wealth_nohouse_median_clan","clan","Non-Black",NA
1970,"inc_all","household","Black",0.424984214493577
1970,"inc_all","household","Non-Black",0.375906109199331
1970,"inc_all_median_clan","clan","Black",0.332897262386533
1970,"inc_all_median_clan","clan","Non-Black",0.290615286179276
1970,"wealth_home","household","Black",NA
1970,"wealth_home","household","Non-Black",NA
1970,"wealth_home_median_clan","clan","Black",NA
1970,"wealth_home_median_clan","clan","Non-Black",NA
1970,"wealth_nohouse","household","Black",NA
1970,"wealth_nohouse","household","Non-Black",NA
1970,"wealth_nohouse_median_clan","clan","Black",NA
1970,"wealth_nohouse_median_clan","clan","Non-Black",NA
1971,"inc_all","household","Black",0.447160239977018
1971,"inc_all","household","Non-Black",0.382581720073198
1971,"inc_all_median_clan","clan","Black",0.415341428663832
1971,"inc_all_median_clan","clan","Non-Black",0.295766426221784
1971,"wealth_home","household","Black",NA
1971,"wealth_home","household","Non-Black",NA
1971,"wealth_home_median_clan","clan","Black",NA
1971,"wealth_home_median_clan","clan","Non-Black",NA
1971,"wealth_nohouse","household","Black",NA
1971,"wealth_nohouse","household","Non-Black",NA
1971,"wealth_nohouse_median_clan","clan","Black",NA
1971,"wealth_nohouse_median_clan","clan","Non-Black",NA
1972,"inc_all","household","Black",0.447432956529785
1972,"inc_all","household","Non-Black",0.379075690786989
1972,"inc_all_median_clan","clan","Black",0.404350806312372
1972,"inc_all_median_clan","clan","Non-Black",0.298291640718823
1972,"wealth_home","household","Black",NA
1972,"wealth_home","household","Non-Black",NA
1972,"wealth_home_median_clan","clan","Black",NA
1972,"wealth_home_median_clan","clan","Non-Black",NA
1972,"wealth_nohouse","household","Black",NA
1972,"wealth_nohouse","household","Non-Black",NA
1972,"wealth_nohouse_median_clan","clan","Black",NA
1972,"wealth_nohouse_median_clan","clan","Non-Black",NA
1973,"inc_all","household","Black",0.435092008578427
1973,"inc_all","household","Non-Black",0.373707810247435
1973,"inc_all_median_clan","clan","Black",0.3780008871372
1973,"inc_all_median_clan","clan","Non-Black",0.290272672669698
1973,"wealth_home","household","Black",NA
1973,"wealth_home","household","Non-Black",NA
1973,"wealth_home_median_clan","clan","Black",NA
1973,"wealth_home_median_clan","clan","Non-Black",NA
1973,"wealth_nohouse","household","Black",NA
1973,"wealth_nohouse","household","Non-Black",NA
1973,"wealth_nohouse_median_clan","clan","Black",NA
1973,"wealth_nohouse_median_clan","clan","Non-Black",NA
1974,"inc_all","household","Black",0.387978190176152
1974,"inc_all","household","Non-Black",0.379538217241366
1974,"inc_all_median_clan","clan","Black",0.368468732482055
1974,"inc_all_median_clan","clan","Non-Black",0.29417814973009
1974,"wealth_home","household","Black",NA
1974,"wealth_home","household","Non-Black",NA
1974,"wealth_home_median_clan","clan","Black",NA
1974,"wealth_home_median_clan","clan","Non-Black",NA
1974,"wealth_nohouse","household","Black",NA
1974,"wealth_nohouse","household","Non-Black",NA
1974,"wealth_nohouse_median_clan","clan","Black",NA
1974,"wealth_nohouse_median_clan","clan","Non-Black",NA
1975,"inc_all","household","Black",0.382337545399884
1975,"inc_all","household","Non-Black",0.378714994514206
1975,"inc_all_median_clan","clan","Black",0.29098532172399
1975,"inc_all_median_clan","clan","Non-Black",0.298013730426791
1975,"wealth_home","household","Black",NA
1975,"wealth_home","household","Non-Black",NA
1975,"wealth_home_median_clan","clan","Black",NA
1975,"wealth_home_median_clan","clan","Non-Black",NA
1975,"wealth_nohouse","household","Black",NA
1975,"wealth_nohouse","household","Non-Black",NA
1975,"wealth_nohouse_median_clan","clan","Black",NA
1975,"wealth_nohouse_median_clan","clan","Non-Black",NA
1976,"inc_all","household","Black",0.384227118541455
1976,"inc_all","household","Non-Black",0.379554421444392
1976,"inc_all_median_clan","clan","Black",0.31350933510418
1976,"inc_all_median_clan","clan","Non-Black",0.297413985087966
1976,"wealth_home","household","Black",NA
1976,"wealth_home","household","Non-Black",NA
1976,"wealth_home_median_clan","clan","Black",NA
1976,"wealth_home_median_clan","clan","Non-Black",NA
1976,"wealth_nohouse","household","Black",NA
1976,"wealth_nohouse","household","Non-Black",NA
1976,"wealth_nohouse_median_clan","clan","Black",NA
1976,"wealth_nohouse_median_clan","clan","Non-Black",NA
1977,"inc_all","household","Black",0.393627226740229
1977,"inc_all","household","Non-Black",0.392735612747297
1977,"inc_all_median_clan","clan","Black",0.30534515844059
1977,"inc_all_median_clan","clan","Non-Black",0.312232719290618
1977,"wealth_home","household","Black",NA
1977,"wealth_home","household","Non-Black",NA
1977,"wealth_home_median_clan","clan","Black",NA
1977,"wealth_home_median_clan","clan","Non-Black",NA
1977,"wealth_nohouse","household","Black",NA
1977,"wealth_nohouse","household","Non-Black",NA
1977,"wealth_nohouse_median_clan","clan","Black",NA
1977,"wealth_nohouse_median_clan","clan","Non-Black",NA
1978,"inc_all","household","Black",0.380301097665726
1978,"inc_all","household","Non-Black",0.386513133501988
1978,"inc_all_median_clan","clan","Black",0.348039744637408
1978,"inc_all_median_clan","clan","Non-Black",0.301488461501406
1978,"wealth_home","household","Black",NA
1978,"wealth_home","household","Non-Black",NA
1978,"wealth_home_median_clan","clan","Black",NA
1978,"wealth_home_median_clan","clan","Non-Black",NA
1978,"wealth_nohouse","household","Black",NA
1978,"wealth_nohouse","household","Non-Black",NA
1978,"wealth_nohouse_median_clan","clan","Black",NA
1978,"wealth_nohouse_median_clan","clan","Non-Black",NA
1979,"inc_all","household","Black",0.356114570794332
1979,"inc_all","household","Non-Black",0.386671678866796
1979,"inc_all_median_clan","clan","Black",0.261276709391315
1979,"inc_all_median_clan","clan","Non-Black",0.30310095704158
1979,"wealth_home","household","Black",NA
1979,"wealth_home","household","Non-Black",NA
1979,"wealth_home_median_clan","clan","Black",NA
1979,"wealth_home_median_clan","clan","Non-Black",NA
1979,"wealth_nohouse","household","Black",NA
1979,"wealth_nohouse","household","Non-Black",NA
1979,"wealth_nohouse_median_clan","clan","Black",NA
1979,"wealth_nohouse_median_clan","clan","Non-Black",NA
1980,"inc_all","household","Black",0.359148385456587
1980,"inc_all","household","Non-Black",0.390410500145503
1980,"inc_all_median_clan","clan","Black",0.28424158184524
1980,"inc_all_median_clan","clan","Non-Black",0.300128996996297
1980,"wealth_home","household","Black",NA
1980,"wealth_home","household","Non-Black",NA
1980,"wealth_home_median_clan","clan","Black",NA
1980,"wealth_home_median_clan","clan","Non-Black",NA
1980,"wealth_nohouse","household","Black",NA
1980,"wealth_nohouse","household","Non-Black",NA
1980,"wealth_nohouse_median_clan","clan","Black",NA
1980,"wealth_nohouse_median_clan","clan","Non-Black",NA
1981,"inc_all","household","Black",0.392661246780054
1981,"inc_all","household","Non-Black",0.405980728972421
1981,"inc_all_median_clan","clan","Black",0.293487063790897
1981,"inc_all_median_clan","clan","Non-Black",0.308392273109323
1981,"wealth_home","household","Black",NA
1981,"wealth_home","household","Non-Black",NA
1981,"wealth_home_median_clan","clan","Black",NA
1981,"wealth_home_median_clan","clan","Non-Black",NA
1981,"wealth_nohouse","household","Black",NA
1981,"wealth_nohouse","household","Non-Black",NA
1981,"wealth_nohouse_median_clan","clan","Black",NA
1981,"wealth_nohouse_median_clan","clan","Non-Black",NA
1982,"inc_all","household","Black",0.382563648099926
1982,"inc_all","household","Non-Black",0.407554322746274
1982,"inc_all_median_clan","clan","Black",0.31247321881776
1982,"inc_all_median_clan","clan","Non-Black",0.317790866021377
1982,"wealth_home","household","Black",NA
1982,"wealth_home","household","Non-Black",NA
1982,"wealth_home_median_clan","clan","Black",NA
1982,"wealth_home_median_clan","clan","Non-Black",NA
1982,"wealth_nohouse","household","Black",NA
1982,"wealth_nohouse","household","Non-Black",NA
1982,"wealth_nohouse_median_clan","clan","Black",NA
1982,"wealth_nohouse_median_clan","clan","Non-Black",NA
1983,"inc_all","household","Black",0.387434095804283
1983,"inc_all","household","Non-Black",0.413563214920611
1983,"inc_all_median_clan","clan","Black",0.302910768245146
1983,"inc_all_median_clan","clan","Non-Black",0.324502882175976
1983,"wealth_home","household","Black",NA
1983,"wealth_home","household","Non-Black",NA
1983,"wealth_home_median_clan","clan","Black",NA
1983,"wealth_home_median_clan","clan","Non-Black",NA
1983,"wealth_nohouse","household","Black",NA
1983,"wealth_nohouse","household","Non-Black",NA
1983,"wealth_nohouse_median_clan","clan","Black",NA
1983,"wealth_nohouse_median_clan","clan","Non-Black",NA
1984,"inc_all","household","Black",0.367555319206246
1984,"inc_all","household","Non-Black",0.421691523394042
1984,"inc_all_median_clan","clan","Black",0.275754887950327
1984,"inc_all_median_clan","clan","Non-Black",0.328388741407536
1984,"wealth_home","household","Black",0.744726552718995
1984,"wealth_home","household","Non-Black",0.754665029591866
1984,"wealth_home_median_clan","clan","Black",0.601678038717868
1984,"wealth_home_median_clan","clan","Non-Black",0.677938464557553
1984,"wealth_nohouse","household","Black",0.838151440914902
1984,"wealth_nohouse","household","Non-Black",0.898252576243647
1984,"wealth_nohouse_median_clan","clan","Black",0.72858203094102
1984,"wealth_nohouse_median_clan","clan","Non-Black",0.764611461123612
1985,"inc_all","household","Black",0.361443699645435
1985,"inc_all","household","Non-Black",0.424055343762934
1985,"inc_all_median_clan","clan","Black",0.243092148951112
1985,"inc_all_median_clan","clan","Non-Black",0.326170478704261
1985,"wealth_home","household","Black",NA
1985,"wealth_home","household","Non-Black",NA
1985,"wealth_home_median_clan","clan","Black",NA
1985,"wealth_home_median_clan","clan","Non-Black",NA
1985,"wealth_nohouse","household","Black",NA
1985,"wealth_nohouse","household","Non-Black",NA
1985,"wealth_nohouse_median_clan","clan","Black",NA
1985,"wealth_nohouse_median_clan","clan","Non-Black",NA
1986,"inc_all","household","Black",0.396832515838622
1986,"inc_all","household","Non-Black",0.424798981226081
1986,"inc_all_median_clan","clan","Black",0.376500712765541
1986,"inc_all_median_clan","clan","Non-Black",0.326864926537314
1986,"wealth_home","household","Black",NA
1986,"wealth_home","household","Non-Black",NA
1986,"wealth_home_median_clan","clan","Black",NA
1986,"wealth_home_median_clan","clan","Non-Black",NA
1986,"wealth_nohouse","household","Black",NA
1986,"wealth_nohouse","household","Non-Black",NA
1986,"wealth_nohouse_median_clan","clan","Black",NA
1986,"wealth_nohouse_median_clan","clan","Non-Black",NA
1987,"inc_all","household","Black",0.370832133382006
1987,"inc_all","household","Non-Black",0.429591797343809
1987,"inc_all_median_clan","clan","Black",0.305950535102375
1987,"inc_all_median_clan","clan","Non-Black",0.337230004464856
1987,"wealth_home","household","Black",NA
1987,"wealth_home","household","Non-Black",NA
1987,"wealth_home_median_clan","clan","Black",NA
1987,"wealth_home_median_clan","clan","Non-Black",NA
1987,"wealth_nohouse","household","Black",NA
1987,"wealth_nohouse","household","Non-Black",NA
1987,"wealth_nohouse_median_clan","clan","Black",NA
1987,"wealth_nohouse_median_clan","clan","Non-Black",NA
1988,"inc_all","household","Black",0.366132269717236
1988,"inc_all","household","Non-Black",0.437676064554214
1988,"inc_all_median_clan","clan","Black",0.278317457655373
1988,"inc_all_median_clan","clan","Non-Black",0.342731915499417
1988,"wealth_home","household","Black",NA
1988,"wealth_home","household","Non-Black",NA
1988,"wealth_home_median_clan","clan","Black",NA
1988,"wealth_home_median_clan","clan","Non-Black",NA
1988,"wealth_nohouse","household","Black",NA
1988,"wealth_nohouse","household","Non-Black",NA
1988,"wealth_nohouse_median_clan","clan","Black",NA
1988,"wealth_nohouse_median_clan","clan","Non-Black",NA
1989,"inc_all","household","Black",0.370901697829369
1989,"inc_all","household","Non-Black",0.43736847342654
1989,"inc_all_median_clan","clan","Black",0.255189929814332
1989,"inc_all_median_clan","clan","Non-Black",0.341035216713626
1989,"wealth_home","household","Black",0.789608578700804
1989,"wealth_home","household","Non-Black",0.794853665735148
1989,"wealth_home_median_clan","clan","Black",0.613708996831809
1989,"wealth_home_median_clan","clan","Non-Black",0.712262435441322
1989,"wealth_nohouse","household","Black",0.882659823962817
1989,"wealth_nohouse","household","Non-Black",0.880386975537305
1989,"wealth_nohouse_median_clan","clan","Black",0.731151129869632
1989,"wealth_nohouse_median_clan","clan","Non-Black",0.795574864050545
1990,"inc_all","household","Black",0.397722532430617
1990,"inc_all","household","Non-Black",0.442998915041193
1990,"inc_all_median_clan","clan","Black",0.323997428627932
1990,"inc_all_median_clan","clan","Non-Black",0.343183324816707
1990,"wealth_home","household","Black",NA
1990,"wealth_home","household","Non-Black",NA
1990,"wealth_home_median_clan","clan","Black",NA
1990,"wealth_home_median_clan","clan","Non-Black",NA
1990,"wealth_nohouse","household","Black",NA
1990,"wealth_nohouse","household","Non-Black",NA
1990,"wealth_nohouse_median_clan","clan","Black",NA
1990,"wealth_nohouse_median_clan","clan","Non-Black",NA
1991,"inc_all","household","Black",0.412734015193864
1991,"inc_all","household","Non-Black",0.44036615522276
1991,"inc_all_median_clan","clan","Black",0.346056635510863
1991,"inc_all_median_clan","clan","Non-Black",0.341634122876826
1991,"wealth_home","household","Black",NA
1991,"wealth_home","household","Non-Black",NA
1991,"wealth_home_median_clan","clan","Black",NA
1991,"wealth_home_median_clan","clan","Non-Black",NA
1991,"wealth_nohouse","household","Black",NA
1991,"wealth_nohouse","household","Non-Black",NA
1991,"wealth_nohouse_median_clan","clan","Black",NA
1991,"wealth_nohouse_median_clan","clan","Non-Black",NA
1992,"inc_all","household","Black",0.403409357094241
1992,"inc_all","household","Non-Black",0.449858797903095
1992,"inc_all_median_clan","clan","Black",0.356636113771932
1992,"inc_all_median_clan","clan","Non-Black",0.339208178033967
1992,"wealth_home","household","Black",NA
1992,"wealth_home","household","Non-Black",NA
1992,"wealth_home_median_clan","clan","Black",NA
1992,"wealth_home_median_clan","clan","Non-Black",NA
1992,"wealth_nohouse","household","Black",NA
1992,"wealth_nohouse","household","Non-Black",NA
1992,"wealth_nohouse_median_clan","clan","Black",NA
1992,"wealth_nohouse_median_clan","clan","Non-Black",NA
1993,"inc_all","household","Black",0.427477775021316
1993,"inc_all","household","Non-Black",0.461226489928184
1993,"inc_all_median_clan","clan","Black",0.340734932159559
1993,"inc_all_median_clan","clan","Non-Black",0.355136831607799
1993,"wealth_home","household","Black",NA
1993,"wealth_home","household","Non-Black",NA
1993,"wealth_home_median_clan","clan","Black",NA
1993,"wealth_home_median_clan","clan","Non-Black",NA
1993,"wealth_nohouse","household","Black",NA
1993,"wealth_nohouse","household","Non-Black",NA
1993,"wealth_nohouse_median_clan","clan","Black",NA
1993,"wealth_nohouse_median_clan","clan","Non-Black",NA
1994,"inc_all","household","Black",0.446774700348529
1994,"inc_all","household","Non-Black",0.483158361462127
1994,"inc_all_median_clan","clan","Black",0.363319572192204
1994,"inc_all_median_clan","clan","Non-Black",0.362899743532132
1994,"wealth_home","household","Black",0.795548222709117
1994,"wealth_home","household","Non-Black",0.781246122728973
1994,"wealth_home_median_clan","clan","Black",0.63847248298675
1994,"wealth_home_median_clan","clan","Non-Black",0.676749745722731
1994,"wealth_nohouse","household","Black",0.911532863536769
1994,"wealth_nohouse","household","Non-Black",0.876821420525196
1994,"wealth_nohouse_median_clan","clan","Black",0.673959974290925
1994,"wealth_nohouse_median_clan","clan","Non-Black",0.780859234277021
1995,"inc_all","household","Black",0.441788442530168
1995,"inc_all","household","Non-Black",0.472501565216187
1995,"inc_all_median_clan","clan","Black",0.37700620564763
1995,"inc_all_median_clan","clan","Non-Black",0.350563632347533
1995,"wealth_home","household","Black",NA
1995,"wealth_home","household","Non-Black",NA
1995,"wealth_home_median_clan","clan","Black",NA
1995,"wealth_home_median_clan","clan","Non-Black",NA
1995,"wealth_nohouse","household","Black",NA
1995,"wealth_nohouse","household","Non-Black",NA
1995,"wealth_nohouse_median_clan","clan","Black",NA
1995,"wealth_nohouse_median_clan","clan","Non-Black",NA
1996,"inc_all","household","Black",0.444293388428056
1996,"inc_all","household","Non-Black",0.461212001318542
1996,"inc_all_median_clan","clan","Black",0.383980604997092
1996,"inc_all_median_clan","clan","Non-Black",0.347505909295591
1996,"wealth_home","household","Black",NA
1996,"wealth_home","household","Non-Black",NA
1996,"wealth_home_median_clan","clan","Black",NA
1996,"wealth_home_median_clan","clan","Non-Black",NA
1996,"wealth_nohouse","household","Black",NA
1996,"wealth_nohouse","household","Non-Black",NA
1996,"wealth_nohouse_median_clan","clan","Black",NA
1996,"wealth_nohouse_median_clan","clan","Non-Black",NA
1997,"inc_all","household","Black",0.437904554133949
1997,"inc_all","household","Non-Black",0.449799772817959
1997,"inc_all_median_clan","clan","Black",0.433867295772636
1997,"inc_all_median_clan","clan","Non-Black",0.339199831380617
1997,"wealth_home","household","Black",NA
1997,"wealth_home","household","Non-Black",NA
1997,"wealth_home_median_clan","clan","Black",NA
1997,"wealth_home_median_clan","clan","Non-Black",NA
1997,"wealth_nohouse","household","Black",NA
1997,"wealth_nohouse","household","Non-Black",NA
1997,"wealth_nohouse_median_clan","clan","Black",NA
1997,"wealth_nohouse_median_clan","clan","Non-Black",NA
1999,"inc_all","household","Black",0.470054392632798
1999,"inc_all","household","Non-Black",0.452623009059335
1999,"inc_all_median_clan","clan","Black",0.423097914883527
1999,"inc_all_median_clan","clan","Non-Black",0.343347574372846
1999,"wealth_home","household","Black",0.784554038881252
1999,"wealth_home","household","Non-Black",0.751051954403806
1999,"wealth_home_median_clan","clan","Black",0.797693311245706
1999,"wealth_home_median_clan","clan","Non-Black",0.647839741835532
1999,"wealth_nohouse","household","Black",0.844722248603164
1999,"wealth_nohouse","household","Non-Black",0.888144331648214
1999,"wealth_nohouse_median_clan","clan","Black",0.838591296515398
1999,"wealth_nohouse_median_clan","clan","Non-Black",0.760638672329364
2001,"inc_all","household","Black",0.496311105477519
2001,"inc_all","household","Non-Black",0.46804603030055
2001,"inc_all_median_clan","clan","Black",0.461248725710415
2001,"inc_all_median_clan","clan","Non-Black",0.351073833111374
2001,"wealth_home","household","Black",0.785698204580907
2001,"wealth_home","household","Non-Black",0.741965038992276
2001,"wealth_home_median_clan","clan","Black",0.813616806209529
2001,"wealth_home_median_clan","clan","Non-Black",0.654599469361915
2001,"wealth_nohouse","household","Black",0.878985410942269
2001,"wealth_nohouse","household","Non-Black",0.885537625504233
2001,"wealth_nohouse_median_clan","clan","Black",0.866177281936785
2001,"wealth_nohouse_median_clan","clan","Non-Black",0.78643708661945
2003,"inc_all","household","Black",0.487808513925618
2003,"inc_all","household","Non-Black",0.45740999161978
2003,"inc_all_median_clan","clan","Black",0.353426476467129
2003,"inc_all_median_clan","clan","Non-Black",0.343868596441003
2003,"wealth_home","household","Black",0.779698117695714
2003,"wealth_home","household","Non-Black",0.743638698126068
2003,"wealth_home_median_clan","clan","Black",0.765403914838106
2003,"wealth_home_median_clan","clan","Non-Black",0.67709790433112
2003,"wealth_nohouse","household","Black",0.878848040166645
2003,"wealth_nohouse","household","Non-Black",0.901174810961964
2003,"wealth_nohouse_median_clan","clan","Black",0.800880459280931
2003,"wealth_nohouse_median_clan","clan","Non-Black",0.770329802204349
2005,"inc_all","household","Black",0.459956588471141
2005,"inc_all","household","Non-Black",0.473048758119232
2005,"inc_all_median_clan","clan","Black",0.383773721056226
2005,"inc_all_median_clan","clan","Non-Black",0.350807118415651
2005,"wealth_home","household","Black",0.780467344714222
2005,"wealth_home","household","Non-Black",0.755783259520295
2005,"wealth_home_median_clan","clan","Black",0.736812124606457
2005,"wealth_home_median_clan","clan","Non-Black",0.679996469206413
2005,"wealth_nohouse","household","Black",0.886817752278916
2005,"wealth_nohouse","household","Non-Black",0.903400476329982
2005,"wealth_nohouse_median_clan","clan","Black",0.81551558866827
2005,"wealth_nohouse_median_clan","clan","Non-Black",0.80317833565273
2007,"inc_all","household","Black",0.466909482972118
2007,"inc_all","household","Non-Black",0.473257834114806
2007,"inc_all_median_clan","clan","Black",0.356566871625817
2007,"inc_all_median_clan","clan","Non-Black",0.355958756289128
2007,"wealth_home","household","Black",0.792306116134126
2007,"wealth_home","household","Non-Black",0.762612708594323
2007,"wealth_home_median_clan","clan","Black",0.745609015136257
2007,"wealth_home_median_clan","clan","Non-Black",0.684736812512004
2007,"wealth_nohouse","household","Black",0.89327436969561
2007,"wealth_nohouse","household","Non-Black",0.923472116214395
2007,"wealth_nohouse_median_clan","clan","Black",0.848694101719259
2007,"wealth_nohouse_median_clan","clan","Non-Black",0.816242492185648
2009,"inc_all","household","Black",0.431355537631858
2009,"inc_all","household","Non-Black",0.475933396369261
2009,"inc_all_median_clan","clan","Black",0.368111370969048
2009,"inc_all_median_clan","clan","Non-Black",0.358819709276138
2009,"wealth_home","household","Black",0.981714299029591
2009,"wealth_home","household","Non-Black",0.81864840457658
2009,"wealth_home_median_clan","clan","Black",0.823897892738557
2009,"wealth_home_median_clan","clan","Non-Black",0.730854175744017
2009,"wealth_nohouse","household","Black",0.994547240345945
2009,"wealth_nohouse","household","Non-Black",0.960605270969129
2009,"wealth_nohouse_median_clan","clan","Black",0.878370492397026
2009,"wealth_nohouse_median_clan","clan","Non-Black",0.835032042189704
2011,"inc_all","household","Black",0.442578309020784
2011,"inc_all","household","Non-Black",0.480960081126224
2011,"inc_all_median_clan","clan","Black",0.364143607207805
2011,"inc_all_median_clan","clan","Non-Black",0.353360651773594
2011,"wealth_home","household","Black",0.940543857816379
2011,"wealth_home","household","Non-Black",0.857355989473367
2011,"wealth_home_median_clan","clan","Black",0.840647902820131
2011,"wealth_home_median_clan","clan","Non-Black",0.761007318080191
2011,"wealth_nohouse","household","Black",1.00421336880659
2011,"wealth_nohouse","household","Non-Black",0.961616666114626
2011,"wealth_nohouse_median_clan","clan","Black",1.01494298244763
2011,"wealth_nohouse_median_clan","clan","Non-Black",0.835109984215709
2013,"inc_all","household","Black",0.437628670651246
2013,"inc_all","household","Non-Black",0.488852409322738
2013,"inc_all_median_clan","clan","Black",0.374894829987432
2013,"inc_all_median_clan","clan","Non-Black",0.360314869583168
2013,"wealth_home","household","Black",0.912851882500033
2013,"wealth_home","household","Non-Black",0.840187933845408
2013,"wealth_home_median_clan","clan","Black",0.81912317784402
2013,"wealth_home_median_clan","clan","Non-Black",0.761178660151287
2013,"wealth_nohouse","household","Black",0.951716621167875
2013,"wealth_nohouse","household","Non-Black",0.983204114470061
2013,"wealth_nohouse_median_clan","clan","Black",0.846066021314343
2013,"wealth_nohouse_median_clan","clan","Non-Black",0.858932842242072
2015,"inc_all","household","Black",0.469082748372786
2015,"inc_all","household","Non-Black",0.476954956548985
2015,"inc_all_median_clan","clan","Black",0.350317996728444
2015,"inc_all_median_clan","clan","Non-Black",0.36099227075504
2015,"wealth_home","household","Black",0.841297253489839
2015,"wealth_home","household","Non-Black",0.799706392096418
2015,"wealth_home_median_clan","clan","Black",0.773256775798772
2015,"wealth_home_median_clan","clan","Non-Black",0.729564193370307
2015,"wealth_nohouse","household","Black",1.01260769685415
2015,"wealth_nohouse","household","Non-Black",0.993686190248124
2015,"wealth_nohouse_median_clan","clan","Black",0.924475361074428
2015,"wealth_nohouse_median_clan","clan","Non-Black",0.866330322148278
2017,"inc_all","household","Black",0.452865760809435
2017,"inc_all","household","Non-Black",0.473167681494081
2017,"inc_all_median_clan","clan","Black",0.339612531044524
2017,"inc_all_median_clan","clan","Non-Black",0.356746588458175
2017,"wealth_home","household","Black",0.814945257677552
2017,"wealth_home","household","Non-Black",0.786358497725017
2017,"wealth_home_median_clan","clan","Black",0.678780275083634
2017,"wealth_home_median_clan","clan","Non-Black",0.722725971243614
2017,"wealth_nohouse","household","Black",0.964907146084839
2017,"wealth_nohouse","household","Non-Black",0.989766506282876
2017,"wealth_nohouse_median_clan","clan","Black",0.863685635445939
2017,"wealth_nohouse_median_clan","clan","Non-Black",0.871211910323197
2019,"inc_all","household","Black",0.458433944770912
2019,"inc_all","household","Non-Black",0.480167843727523
2019,"inc_all_median_clan","clan","Black",0.344317168193675
2019,"inc_all_median_clan","clan","Non-Black",0.353462395225704
2019,"wealth_home","household","Black",0.817535632359695
2019,"wealth_home","household","Non-Black",0.778044753373356
2019,"wealth_home_median_clan","clan","Black",0.735956093924832
2019,"wealth_home_median_clan","clan","Non-Black",0.698318346623399
2019,"wealth_nohouse","household","Black",0.997900626912707
2019,"wealth_nohouse","household","Non-Black",0.985745603996068
2019,"wealth_nohouse_median_clan","clan","Black",0.915748449249966
2019,"wealth_nohouse_median_clan","clan","Non-Black",0.851865473785831
2021,"inc_all","household","Black",0.486617110732941
2021,"inc_all","household","Non-Black",0.498393544647784
2021,"inc_all_median_clan","clan","Black",0.364797699469994
2021,"inc_all_median_clan","clan","Non-Black",0.36358939715505
2021,"wealth_home","household","Black",0.754042519207661
2021,"wealth_home","household","Non-Black",0.751630515546379
2021,"wealth_home_median_clan","clan","Black",0.693937087822135
2021,"wealth_home_median_clan","clan","Non-Black",0.669926361738393
2021,"wealth_nohouse","household","Black",0.935399777905893
2021,"wealth_nohouse","household","Non-Black",0.961521114125961
2021,"wealth_nohouse_median_clan","clan","Black",0.85132796446179
2021,"wealth_nohouse_median_clan","clan","Non-Black",0.847443101536005
