Unit,year,D1,D2,D3,C1,C2,C3,gini,valid_d1
Household,1969,0.2992902893488762,0.15219069877132338,0.09498120855952319,0.4648550610456157,0.33112954339347966,0.26840826693323444,0.4014194213022476,0.4014194213022476
Household,1970,0.3110896930823329,0.16026883902505518,0.10064870561510314,0.48503453842313515,0.34788969068160447,0.281431277484823,0.37782061383533416,0.37782061383533416
Household,1971,0.3070450129807061,0.1563685391354419,0.09722271952486886,0.47427187439158053,0.3344537228217476,0.26712777552945877,0.38590997403858784,0.38590997403858784
Household,1972,0.3087878789070321,0.1587490298140602,0.09955198980581759,0.48171600333728787,0.34585624886051297,0.28066082856967844,0.38242424218593585,0.38242424218593585
Household,1973,0.31160774951558834,0.1611292099260132,0.10140356361881694,0.4868498532217591,0.35048420741234315,0.2840324962294941,0.3767845009688233,0.3767845009688233
Household,1974,0.30994560379430053,0.15957368224554058,0.10022399468999071,0.48374317528142224,0.3475951429742447,0.2820321910930569,0.38010879241139894,0.38010879241139894
Household,1975,0.3104681793976915,0.16068115979951417,0.10112156638100876,0.4846379640037055,0.3483395692120274,0.2814876141187723,0.379063641204617,0.379063641204617
Household,1976,0.31007634882003765,0.15961710115731625,0.10011109239021744,0.48306891131085294,0.3459851249816335,0.27955203573647636,0.3798473023599247,0.3798473023599247
Household,1977,0.30356622893066654,0.15423951424733415,0.09576339954682583,0.4685462096063572,0.3299599613513814,0.26358067065607266,0.3928675421386669,0.3928675421386669
Household,1978,0.3068553963354292,0.1556357942386259,0.09635125184413637,0.47218827478686987,0.3306657569028809,0.2625449439963834,0.3862892073291416,0.3862892073291416
Household,1979,0.30730705091491184,0.15575100717773543,0.09639455700775221,0.47278522650787325,0.3309563511859234,0.262808016012283,0.3853858981701763,0.3853858981701763
Household,1980,0.30546093485554376,0.15503734659580148,0.09612171393867258,0.47074444025672824,0.33056701080236534,0.26329449630984614,0.38907813028891247,0.38907813028891247
Household,1981,0.2972991147550863,0.14999683032856265,0.09262025729032246,0.4558764257582585,0.31715462200634453,0.2507366875166731,0.4054017704898274,0.4054017704898274
Household,1982,0.29676715221548655,0.14820020269340792,0.09065617941463604,0.4513183816280771,0.3091024588251805,0.24135338419765776,0.4064656955690269,0.4064656955690269
Household,1983,0.2937917208234106,0.14528012882457764,0.08818458309940458,0.44362610048518414,0.2996687593235474,0.2315829457484554,0.4124165583531788,0.4124165583531788
Household,1984,0.2902729173616242,0.14222238165218265,0.08565129547803285,0.43521192963687233,0.2898780245504985,0.22148346434747257,0.4194541652767516,0.4194541652767516
Household,1985,0.2892602979200544,0.14142171329124775,0.08495595291960667,0.43282235094333527,0.2871241060465626,0.2185535891329723,0.42147940415989116,0.42147940415989116
Household,1986,0.2882122618842761,0.14101617056771842,0.0847416836419862,0.4314617789070465,0.28649903404554095,0.21822429521673226,0.42357547623144776,0.42357547623144776
Household,1987,0.28644983950759983,0.14010442156753913,0.08431362181299032,0.4291454026095064,0.2853911262038122,0.21793005695441137,0.42710032098480033,0.42710032098480033
Household,1988,0.2826776047835956,0.1380349256855272,0.08293482995060962,0.4226740188450453,0.27999282812289866,0.21293685365605675,0.4346447904328088,0.4346447904328088
Household,1989,0.2827883009004838,0.13841292325151333,0.08333857062216429,0.42389900239534106,0.28222140298971504,0.21571271960730243,0.4344233981990324,0.4344233981990324
Household,1990,0.27949328206491325,0.1357024140811494,0.08122310128815058,0.41680133402869035,0.2746161039275538,0.20837053476960826,0.4410134358701735,0.4410134358701735
Household,1991,0.2803135362531482,0.13593002910419819,0.0813252158082821,0.41777487066297064,0.2749226688196425,0.20848895957316876,0.4393729274937036,0.4393729274937036
Household,1992,0.2762814202398449,0.13289328829990174,0.07887317961092152,0.40895537212776517,0.2653479037758392,0.19868192321390798,0.44743715952031016,0.44743715952031016
Household,1993,0.2708705805259606,0.12813065246156882,0.07506660118038613,0.39621847617404765,0.25069579129617514,0.1838477082519099,0.45825883894807884,0.45825883894807884
Household,1994,0.2593972014657461,0.1203723332300923,0.06889332160265185,0.35343879848790444,0.18808319404431958,0.10156629122133942,0.48120559706850785,0.48120559706850785
Household,1995,0.2644672652257713,0.12538099908771777,0.07358791745912384,0.3838897876581227,0.2388450448647055,0.17019606866548326,0.4710654695484574,0.4710654695484574
Household,1996,0.2688746327043981,0.12870927340829494,0.07622247349490646,0.39475649800204504,0.25176373059529233,0.18458168578049894,0.4622507345912038,0.4622507345912038
Household,1997,0.27534904883703337,0.13459747118981022,0.08119791541144031,0.4119779902529984,0.2732578828319295,0.20799061746318034,0.44930190232593326,0.44930190232593326
Household,1999,0.2731010403107763,0.13412379040998412,0.08112855059694757,0.4070250579910456,0.26784803536053664,0.20058636742583014,0.4537979193784474,0.4537979193784474
Household,2001,0.2651392715137169,0.12952673230104422,0.0782120623387186,0.39283097637837605,0.2553834097293188,0.18878501614241208,0.4697214569725662,0.4697214569725662
Household,2003,0.2700360538896617,0.13069855714078252,0.07805318818560106,0.38347729127147684,0.22688247476362977,0.1442758764342722,0.45992789222067665,0.45992789222067665
Household,2005,0.2638813383509024,0.12804648467111487,0.07709206852714495,0.3941605183673426,0.26055836003287725,0.19876781304264451,0.47223732329819523,0.47223732329819523
Household,2007,0.2636389311351456,0.12689796295739483,0.07586341578879008,0.3910866654416205,0.2548954686129491,0.19199625848333168,0.47272213772970884,0.47272213772970884
Household,2009,0.263697577083879,0.12751264947539104,0.07652812153701766,0.3929514292332307,0.25850770429870584,0.19649258223497318,0.47260484583224205,0.47260484583224205
Household,2011,0.2608959894236154,0.12369568858833035,0.07299752499873446,0.3825670111219721,0.2433420433967138,0.17946953221257367,0.47820802115276917,0.47820802115276917
Household,2013,0.257514757952396,0.12128068707795445,0.07127109253060948,0.3759250878796237,0.23682065985445655,0.17330995916475306,0.48497048409520804,0.48497048409520804
Household,2015,0.26189517822919417,0.12335866826341978,0.0725696692026624,0.3834603357195712,0.2431303149807536,0.179657470076001,0.47620964354161166,0.47620964354161166
Household,2017,0.2643402147824571,0.12636341957454286,0.0752026635444221,0.3892429028659029,0.2498053761668932,0.18516293488852587,0.47131957043508577,0.47131957043508577
Household,2019,0.2608925636622343,0.12337934448566398,0.07273165659893069,0.3794782722258299,0.23717141712718848,0.17068810896228662,0.4782148726755314,0.4782148726755314
Household,2021,0.25127831422302965,0.11623711508578921,0.06722571125385948,0.3563124939605862,0.21006835947511235,0.1407468665839831,0.4974433715539407,0.4974433715539407
Clan,1969,0.34170886813937684,0.18714508742613079,0.12329797804777634,0.5608940804492275,0.4383704246197018,0.3768380057903561,0.3165822637212463,0.3165822637212463
Clan,1970,0.34807727202586825,0.19250150470790153,0.1272257367891425,0.5726931777284625,0.4492318114051895,0.38509546004593104,0.3038454559482635,0.3038454559482635
Clan,1971,0.34598940584767385,0.1899383490720966,0.12472352223712743,0.5675409627990511,0.4431031139027542,0.3797471472459863,0.3080211883046523,0.3080211883046523
Clan,1972,0.34441970557587454,0.1901805824803858,0.12586326015441013,0.5697391317131857,0.45063885227462175,0.39068740469135543,0.31116058884825093,0.31116058884825093
Clan,1973,0.3482081092932099,0.19278887693632737,0.12767577879627162,0.5768240118121696,0.4572318050379197,0.3966643921523877,0.3035837814135802,0.3035837814135802
Clan,1974,0.34499395803413285,0.1899632774608199,0.12547658245188925,0.569075506612518,0.4481630971567698,0.38729972954392444,0.3100120839317343,0.3100120839317343
Clan,1975,0.34138440309347146,0.18736242666770436,0.12365415185613446,0.5622865060108,0.4418042058346584,0.38166266875043015,0.3172311938130571,0.3172311938130571
Clan,1976,0.3383523811575014,0.18496207783372787,0.12176028212731196,0.5555088592974348,0.4343129562798655,0.37402631766920685,0.32329523768499724,0.32329523768499724
Clan,1977,0.3317511174750787,0.17837498778663724,0.11584249100501678,0.5363701295692083,0.4092380241882604,0.346294554602434,0.33649776504984263,0.33649776504984263
Clan,1978,0.3354868000935998,0.1816128975758911,0.11850103716333212,0.5449518715719879,0.4189301429567765,0.35597586807132825,0.32902639981280035,0.32902639981280035
Clan,1979,0.33505317627902437,0.1808558006983911,0.1177578996563666,0.5431466105255119,0.4161868684929755,0.3529966016918763,0.32989364744195127,0.32989364744195127
Clan,1980,0.3333028857831952,0.1800105582245405,0.11732162233580576,0.5411758006204771,0.4157458296745636,0.3536029071750358,0.33339422843360955,0.33339422843360955
Clan,1981,0.3272481840049069,0.17632987830637403,0.11469626418123041,0.5298358487553165,0.4051753295008195,0.34326817679166755,0.3455036319901862,0.3455036319901862
Clan,1982,0.32648029867117473,0.1748207693183805,0.11325809855068404,0.5268454419722036,0.4007302866020576,0.3388642759255146,0.34703940265765054,0.34703940265765054
Clan,1983,0.3236917567691115,0.1720117442154498,0.11088006577167897,0.519893967054364,0.39240442057050356,0.3305890145325826,0.352616486461777,0.352616486461777
Clan,1984,0.31864422959987626,0.16747562732147667,0.10707350990988553,0.5076110309579082,0.3779336027160642,0.3156869630918806,0.3627115408002475,0.3627115408002475
Clan,1985,0.3170409023666587,0.16625964165565116,0.10604082176485696,0.5034428876251696,0.37280397051702097,0.30981649329205374,0.36591819526668257,0.36591819526668257
Clan,1986,0.31597230569105866,0.16567276771920575,0.10570031703236675,0.5015214310767353,0.37109825077135383,0.3081382245782227,0.3680553886178827,0.3680553886178827
Clan,1987,0.31529626754441475,0.16551007728121575,0.1057958172667607,0.5010110780633553,0.371429621037882,0.30887931563499965,0.3694074649111705,0.3694074649111705
Clan,1988,0.3116332917135997,0.16348394079170964,0.1045102285514774,0.4951412146927401,0.36701584595828135,0.3052978577498576,0.3767334165728006,0.3767334165728006
Clan,1989,0.3097272900613943,0.16217289611625302,0.10356493278775472,0.4915277226389485,0.36360086515510853,0.3021419535582828,0.38054541987721135,0.38054541987721135
Clan,1990,0.30812377427739,0.16088079696482532,0.10259797591582379,0.48803415493971697,0.35982076132465474,0.29840994653974523,0.38375245144521997,0.38375245144521997
Clan,1991,0.30865330423469256,0.1609849533440417,0.10261798402439501,0.48822916630749463,0.3591517241456049,0.29725015620234574,0.3826933915306149,0.3826933915306149
Clan,1992,0.30700097364530127,0.16036751299920485,0.10221635872765605,0.48534706316108,0.356692179031558,0.29448699904852904,0.38599805270939747,0.38599805270939747
Clan,1993,0.3052615495595115,0.1581541793723527,0.10043042455707757,0.4806588485604042,0.35079459800178575,0.2889606279441503,0.389476900880977,0.389476900880977
Clan,1994,0.29653402005983814,0.1514818656721656,0.09465941344930025,0.44727327292368735,0.3014785057276979,0.22499496008329833,0.4069319598803237,0.4069319598803237
Clan,1995,0.29934902016756676,0.15426869959748615,0.09741992007495162,0.46869994764187056,0.3387018549486073,0.27664973302668294,0.4013019596648665,0.4013019596648665
Clan,1996,0.3010887570685882,0.15544249033122473,0.09832387613508108,0.47228610850841946,0.34239470287966167,0.2804283188226566,0.39782248586282365,0.39782248586282365
Clan,1997,0.301262700406847,0.15554829205062037,0.09854232648452213,0.4735209332098223,0.3445164656059504,0.2834522603329952,0.397474599186306,0.397474599186306
Clan,1999,0.2952802856485527,0.1511729293472585,0.0952156352087764,0.46108917783335807,0.3316177843696111,0.2706672825335287,0.4094394287028946,0.4094394287028946
Clan,2001,0.2883115170746636,0.14685496273070836,0.0924238733430997,0.450481912262526,0.3243407903757251,0.2662287414675259,0.42337696585067275,0.42337696585067275
Clan,2003,0.294119128278827,0.14953448613104023,0.09348313327026105,0.44640958431144423,0.3045809120652355,0.23256963890129378,0.41176174344234595,0.41176174344234595
Clan,2005,0.2908849304708364,0.14915112885148404,0.09416934976671142,0.4559901513562157,0.3302104417707585,0.271588969378911,0.4182301390583272,0.4182301390583272
Clan,2007,0.2920103813736393,0.14871880186314373,0.09340761182505652,0.45611138070093327,0.32820199865458677,0.2692247951871653,0.41597923725272135,0.41597923725272135
Clan,2009,0.2855641127201004,0.14452867576839123,0.09057714710472275,0.44456612377693466,0.3180040221136687,0.2602130195179153,0.4288717745597992,0.4288717745597992
Clan,2011,0.2831951537239691,0.14163314881683237,0.08784672979960914,0.43637313540263156,0.3063559633573241,0.24708422181073758,0.43360969255206183,0.43360969255206183
Clan,2013,0.28359139197843597,0.14221813224627533,0.0883568076886274,0.4376573273700835,0.30813187078329574,0.24887060780553072,0.43281721604312806,0.43281721604312806
Clan,2015,0.28650475903560113,0.14329252093904118,0.08886130269949355,0.4410369278158795,0.30906433756055535,0.2486577249322715,0.42699048192879774,0.42699048192879774
Clan,2017,0.28481744298890854,0.14313579321419898,0.08925091237121312,0.4407622863724326,0.3118896867670483,0.25313084032927363,0.4303651140221829,0.4303651140221829
Clan,2019,0.2825389683312216,0.14101812908323141,0.08751169684363591,0.43479035208120376,0.3045027674999658,0.24522695762510094,0.4349220633375568,0.4349220633375568
Clan,2021,0.2748287029472745,0.13563214061654616,0.0834638119469896,0.4170024653735936,0.2843475248526377,0.22307307635413792,0.45034259410545097,0.45034259410545097
